{
  "batch_size": 64,
  "best_val_auroc": 0.7645396429406721,
  "epochs_completed": 32,
  "learning_rate": 0.001,
  "val_metrics": {
    "auprc": 0.4821192509690345,
    "auroc": 0.7645493880096672,
    "brier": 0.1661683977928546,
    "ece": 0.10409590397766755,
    "f1": 0.484375,
    "mcc": 0.3206334458914452
  },
  "weight_decay": 0.0001
}
