{
  "batch_size": 64,
  "best_val_auroc": 0.70634375,
  "epochs_completed": 42,
  "learning_rate": 0.001,
  "val_metrics": {
    "auprc": 0.4546328334309521,
    "auroc": 0.70634375,
    "brier": 0.1995905675247353,
    "ece": 0.11656560422395207,
    "f1": 0.44621513944223107,
    "mcc": 0.26499710803369503
  },
  "weight_decay": 0.0001
}
