{
  "batch_size": 64,
  "best_val_auroc": 0.7915432291260622,
  "epochs_completed": 37,
  "learning_rate": 0.001,
  "val_metrics": {
    "auprc": 0.5237317110976171,
    "auroc": 0.7915822094020425,
    "brier": 0.15475823892688576,
    "ece": 0.08882148289551392,
    "f1": 0.5506072874493927,
    "mcc": 0.4148362990437989
  },
  "weight_decay": 0.0001
}
