{
  "interface_distal": {
    "auprc": 0.5263157894736842,
    "auroc": 0.7777777777777778,
    "bootstrap_family_group": {
      "auprc": {
        "lower": 0.5208333333333334,
        "mean": 0.5303235735486106,
        "upper": 0.54
      },
      "auroc": {
        "lower": 0.6946316859555833,
        "mean": 0.7624360026103194,
        "upper": 0.859037456445993
      },
      "brier": {
        "lower": 0.01742077923927601,
        "mean": 0.029092185813855805,
        "upper": 0.04030809382870931
      },
      "ece": {
        "lower": 0.01935414740306328,
        "mean": 0.03339645912550069,
        "upper": 0.05683884089708535
      },
      "f1": {
        "lower": 0.0,
        "mean": 0.0,
        "upper": 0.0
      },
      "mcc": {
        "lower": 0.0,
        "mean": 0.0,
        "upper": 0.0
      }
    },
    "bootstrap_protein_group": {
      "auprc": {
        "lower": 0.02768393393393393,
        "mean": 0.5141214030535131,
        "upper": 1.0
      },
      "auroc": {
        "lower": 0.42488961734011244,
        "mean": 0.7627533267875559,
        "upper": 1.0
      },
      "brier": {
        "lower": 0.006197620762417986,
        "mean": 0.025628426664924875,
        "upper": 0.04566372423570903
      },
      "ece": {
        "lower": 0.02019083390246946,
        "mean": 0.04295217151176791,
        "upper": 0.08258073529466832
      },
      "f1": {
        "lower": 0.0,
        "mean": 0.0,
        "upper": 0.0
      },
      "mcc": {
        "lower": 0.0,
        "mean": 0.0,
        "upper": 0.0
      }
    },
    "brier": 0.024984327905804793,
    "ece": 0.035140816723454996,
    "f1": 0.0,
    "macro_family_group_auprc": 0.5434782608695652,
    "macro_family_group_auroc": 0.7236842105263157,
    "macro_family_group_brier": 0.04312919865458054,
    "macro_family_group_ece": 0.021353393089754646,
    "macro_family_group_f1": 0.0,
    "macro_family_group_mcc": 0.0,
    "macro_protein_group_auprc": 0.5357142857142857,
    "macro_protein_group_auroc": 0.7173913043478262,
    "macro_protein_group_brier": 0.04153167449019944,
    "macro_protein_group_ece": 0.07180796190701146,
    "macro_protein_group_f1": 0.0,
    "macro_protein_group_mcc": 0.0,
    "mcc": 0.0,
    "n_samples": 83
  },
  "interface_proximal": {
    "auprc": 0.6889523475828061,
    "auroc": 0.7672916849207043,
    "bootstrap_family_group": {
      "auprc": {
        "lower": 0.5864575569509166,
        "mean": 0.6897930250412175,
        "upper": 0.7821085452041655
      },
      "auroc": {
        "lower": 0.7147562646694724,
        "mean": 0.7634438011049036,
        "upper": 0.8050576810840008
      },
      "brier": {
        "lower": 0.17492758496342697,
        "mean": 0.19751507638170074,
        "upper": 0.22296776497723966
      },
      "ece": {
        "lower": 0.054007750648069834,
        "mean": 0.08869500039356784,
        "upper": 0.14564859648702644
      },
      "f1": {
        "lower": 0.5261680482610577,
        "mean": 0.6332460642034063,
        "upper": 0.7203168685927306
      },
      "mcc": {
        "lower": 0.24501942289798484,
        "mean": 0.36945783839366775,
        "upper": 0.46378505045884033
      }
    },
    "bootstrap_protein_group": {
      "auprc": {
        "lower": 0.5821887486698263,
        "mean": 0.6863836477915399,
        "upper": 0.7621561210622895
      },
      "auroc": {
        "lower": 0.7192805602799266,
        "mean": 0.7637132984316208,
        "upper": 0.7999400449644832
      },
      "brier": {
        "lower": 0.17882019481064945,
        "mean": 0.1973960298882957,
        "upper": 0.2172219905808437
      },
      "ece": {
        "lower": 0.054374980634711675,
        "mean": 0.08445674314684334,
        "upper": 0.1266341432926095
      },
      "f1": {
        "lower": 0.5209831932773109,
        "mean": 0.6286124154936534,
        "upper": 0.7034341348621789
      },
      "mcc": {
        "lower": 0.25542726658410075,
        "mean": 0.3676086372973571,
        "upper": 0.4447229253389924
      }
    },
    "brier": 0.19647542125190054,
    "ece": 0.07061337309867462,
    "f1": 0.6378244746600742,
    "macro_family_group_auprc": 0.6884283341114483,
    "macro_family_group_auroc": 0.7251747525350056,
    "macro_family_group_brier": 0.21062705962599995,
    "macro_family_group_ece": 0.2904128670625641,
    "macro_family_group_f1": 0.5536295498233389,
    "macro_family_group_mcc": 0.30697654470225416,
    "macro_protein_group_auprc": 0.711305213283034,
    "macro_protein_group_auroc": 0.7202958395694815,
    "macro_protein_group_brier": 0.21460999372307904,
    "macro_protein_group_ece": 0.3053589878455621,
    "macro_protein_group_f1": 0.5056393645837591,
    "macro_protein_group_mcc": 0.27845522692141367,
    "mcc": 0.3783043063047576,
    "n_samples": 969
  }
}
