{
  "interface_distal": {
    "auprc": 0.2361111111111111,
    "auroc": 0.9382716049382717,
    "bootstrap_family_group": {
      "auprc": {
        "lower": 0.2159090909090909,
        "mean": 0.24015586064594593,
        "upper": 0.25
      },
      "auroc": {
        "lower": 0.8935229067930489,
        "mean": 0.9259697143772642,
        "upper": 0.9556435682680152
      },
      "brier": {
        "lower": 0.02263942022496668,
        "mean": 0.03324703540400355,
        "upper": 0.045153819773889416
      },
      "ece": {
        "lower": 0.08083819456525992,
        "mean": 0.08477446100922709,
        "upper": 0.08925868645682143
      },
      "f1": {
        "lower": 0.0,
        "mean": 0.0,
        "upper": 0.0
      },
      "mcc": {
        "lower": 0.0,
        "mean": 0.0,
        "upper": 0.0
      }
    },
    "bootstrap_protein_group": {
      "auprc": {
        "lower": 0.2361111111111111,
        "mean": 0.2361111111111111,
        "upper": 0.2361111111111111
      },
      "auroc": {
        "lower": 0.9382716049382717,
        "mean": 0.9382716049382718,
        "upper": 0.9382716049382717
      },
      "brier": {
        "lower": 0.02860520185340052,
        "mean": 0.02860520185340053,
        "upper": 0.02860520185340052
      },
      "ece": {
        "lower": 0.0833147682518844,
        "mean": 0.0833147682518844,
        "upper": 0.0833147682518844
      },
      "f1": {
        "lower": 0.0,
        "mean": 0.0,
        "upper": 0.0
      },
      "mcc": {
        "lower": 0.0,
        "mean": 0.0,
        "upper": 0.0
      }
    },
    "brier": 0.02860520185340052,
    "ece": 0.0833147682518844,
    "f1": 0.0,
    "macro_family_group_auprc": 0.25,
    "macro_family_group_auroc": 0.881578947368421,
    "macro_family_group_brier": 0.05012519234212513,
    "macro_family_group_ece": 0.08726078728213903,
    "macro_family_group_f1": 0.0,
    "macro_family_group_mcc": 0.0,
    "mcc": 0.0,
    "n_samples": 83
  },
  "interface_proximal": {
    "auprc": 0.6349119072292764,
    "auroc": 0.7140738631385262,
    "bootstrap_family_group": {
      "auprc": {
        "lower": 0.5333840232968351,
        "mean": 0.6336137425693709,
        "upper": 0.7129614856846379
      },
      "auroc": {
        "lower": 0.6208720736891521,
        "mean": 0.7080019609274367,
        "upper": 0.7673918147142453
      },
      "brier": {
        "lower": 0.18924270786045808,
        "mean": 0.2130062572338677,
        "upper": 0.2465143145353629
      },
      "ece": {
        "lower": 0.038166301087356115,
        "mean": 0.07204799626011761,
        "upper": 0.11387223773916332
      },
      "f1": {
        "lower": 0.44249872714748406,
        "mean": 0.5826867653115309,
        "upper": 0.6796073736171123
      },
      "mcc": {
        "lower": 0.1861637532845229,
        "mean": 0.30244369969513873,
        "upper": 0.3920517539475626
      }
    },
    "bootstrap_protein_group": {
      "auprc": {
        "lower": 0.6349119072292764,
        "mean": 0.6349119072292765,
        "upper": 0.6349119072292764
      },
      "auroc": {
        "lower": 0.7140738631385262,
        "mean": 0.7140738631385263,
        "upper": 0.7140738631385262
      },
      "brier": {
        "lower": 0.2118158301831823,
        "mean": 0.2118158301831823,
        "upper": 0.2118158301831823
      },
      "ece": {
        "lower": 0.04601682096688988,
        "mean": 0.04601682096688987,
        "upper": 0.04601682096688988
      },
      "f1": {
        "lower": 0.5964912280701754,
        "mean": 0.5964912280701753,
        "upper": 0.5964912280701754
      },
      "mcc": {
        "lower": 0.3141817681769521,
        "mean": 0.314181768176952,
        "upper": 0.3141817681769521
      }
    },
    "brier": 0.2118158301831823,
    "ece": 0.04601682096688988,
    "f1": 0.5964912280701754,
    "macro_family_group_auprc": 0.6394536165441951,
    "macro_family_group_auroc": 0.663102595299098,
    "macro_family_group_brier": 0.2262466404718835,
    "macro_family_group_ece": 0.22325735805080058,
    "macro_family_group_f1": 0.388513985629006,
    "macro_family_group_mcc": 0.2025592394452716,
    "mcc": 0.3141817681769521,
    "n_samples": 969
  },
  "regression_interface_distal": {
    "mae": 0.21276849278260068,
    "n_samples": 83,
    "pearson": 0.3073442464974133,
    "rmse": 0.2750684427498659,
    "spearman": 0.14946727549467276
  },
  "regression_interface_proximal": {
    "mae": 1.035059855826549,
    "n_samples": 969,
    "pearson": 0.3720503137834904,
    "rmse": 1.5246492862046799,
    "spearman": 0.39070935640527826
  }
}
