{
  "mae": 1.1645297507808905,
  "pearson": 0.42171262094271345,
  "rmse": 1.6629269803933426,
  "spearman": 0.3358905949611054
}
