{
  "classification": {
    "auprc": 0.6871879810383561,
    "auroc": 0.7919176745108206,
    "bootstrap_family_group": {
      "auprc": {
        "lower": 0.5833476558796314,
        "mean": 0.6880506058181479,
        "upper": 0.7804730876226837
      },
      "auroc": {
        "lower": 0.7435820213358415,
        "mean": 0.7871162058755053,
        "upper": 0.8230949431471568
      },
      "brier": {
        "lower": 0.16107101810934824,
        "mean": 0.1845040056191379,
        "upper": 0.20986768928899352
      },
      "ece": {
        "lower": 0.04864698830473598,
        "mean": 0.08141140130496478,
        "upper": 0.1334324795473461
      },
      "f1": {
        "lower": 0.523329307332403,
        "mean": 0.6317962310879928,
        "upper": 0.7203168685927306
      },
      "mcc": {
        "lower": 0.2897601487718273,
        "mean": 0.3978799308181216,
        "upper": 0.48552182064594374
      }
    },
    "bootstrap_protein_group": {
      "auprc": {
        "lower": 0.5808687121742996,
        "mean": 0.6845101624105614,
        "upper": 0.7607147277803563
      },
      "auroc": {
        "lower": 0.7436248956243039,
        "mean": 0.7880462175780037,
        "upper": 0.8236482369216526
      },
      "brier": {
        "lower": 0.16281655907476936,
        "mean": 0.18388433468569626,
        "upper": 0.205516421489215
      },
      "ece": {
        "lower": 0.04921371109076974,
        "mean": 0.07721758428763874,
        "upper": 0.11388539697049586
      },
      "f1": {
        "lower": 0.5187963370770021,
        "mean": 0.6270535810279648,
        "upper": 0.7034341348621789
      },
      "mcc": {
        "lower": 0.29244994907023286,
        "mean": 0.396717762037116,
        "upper": 0.4714063434289448
      }
    },
    "brier": 0.18294523042706598,
    "ece": 0.0636152774122275,
    "f1": 0.6362515413070283,
    "macro_family_group_auprc": 0.6866092518020639,
    "macro_family_group_auroc": 0.7320926148175241,
    "macro_family_group_brier": 0.2040488335595179,
    "macro_family_group_ece": 0.2838111476308917,
    "macro_family_group_f1": 0.5533162666153187,
    "macro_family_group_mcc": 0.31878115068009916,
    "macro_protein_group_auprc": 0.7096064596433835,
    "macro_protein_group_auroc": 0.7263466251997297,
    "macro_protein_group_brier": 0.20828433387032255,
    "macro_protein_group_ece": 0.2990960846830086,
    "macro_protein_group_f1": 0.5050371754449845,
    "macro_protein_group_mcc": 0.2882743949515243,
    "mcc": 0.40810134176831875,
    "n_samples": 1052
  },
  "classification_by_source": {
    "SKEMPI": {
      "auprc": 0.6871879810383561,
      "auroc": 0.7919176745108206,
      "bootstrap_family_group": {
        "auprc": {
          "lower": 0.5833476558796314,
          "mean": 0.6880506058181479,
          "upper": 0.7804730876226837
        },
        "auroc": {
          "lower": 0.7435820213358415,
          "mean": 0.7871162058755053,
          "upper": 0.8230949431471568
        },
        "brier": {
          "lower": 0.16107101810934824,
          "mean": 0.1845040056191379,
          "upper": 0.20986768928899352
        },
        "ece": {
          "lower": 0.04864698830473598,
          "mean": 0.08141140130496478,
          "upper": 0.1334324795473461
        },
        "f1": {
          "lower": 0.523329307332403,
          "mean": 0.6317962310879928,
          "upper": 0.7203168685927306
        },
        "mcc": {
          "lower": 0.2897601487718273,
          "mean": 0.3978799308181216,
          "upper": 0.48552182064594374
        }
      },
      "bootstrap_protein_group": {
        "auprc": {
          "lower": 0.5808687121742996,
          "mean": 0.6845101624105614,
          "upper": 0.7607147277803563
        },
        "auroc": {
          "lower": 0.7436248956243039,
          "mean": 0.7880462175780037,
          "upper": 0.8236482369216526
        },
        "brier": {
          "lower": 0.16281655907476936,
          "mean": 0.18388433468569626,
          "upper": 0.205516421489215
        },
        "ece": {
          "lower": 0.04921371109076974,
          "mean": 0.07721758428763874,
          "upper": 0.11388539697049586
        },
        "f1": {
          "lower": 0.5187963370770021,
          "mean": 0.6270535810279648,
          "upper": 0.7034341348621789
        },
        "mcc": {
          "lower": 0.29244994907023286,
          "mean": 0.396717762037116,
          "upper": 0.4714063434289448
        }
      },
      "brier": 0.18294523042706598,
      "ece": 0.0636152774122275,
      "f1": 0.6362515413070283,
      "macro_family_group_auprc": 0.6866092518020639,
      "macro_family_group_auroc": 0.7320926148175241,
      "macro_family_group_brier": 0.2040488335595179,
      "macro_family_group_ece": 0.2838111476308917,
      "macro_family_group_f1": 0.5533162666153187,
      "macro_family_group_mcc": 0.31878115068009916,
      "macro_protein_group_auprc": 0.7096064596433835,
      "macro_protein_group_auroc": 0.7263466251997297,
      "macro_protein_group_brier": 0.20828433387032255,
      "macro_protein_group_ece": 0.2990960846830086,
      "macro_protein_group_f1": 0.5050371754449845,
      "macro_protein_group_mcc": 0.2882743949515243,
      "mcc": 0.40810134176831875,
      "n_samples": 1052
    }
  }
}
