{
  "interface_distal": {
    "auprc": 0.2,
    "auroc": 0.9166666666666666,
    "bootstrap_family_group": {
      "auprc": {
        "lower": 0.09090909090909091,
        "mean": 0.31902622571227224,
        "upper": 0.5
      },
      "auroc": {
        "lower": 0.7560975609756098,
        "mean": 0.911848971225454,
        "upper": 0.9848484848484849
      },
      "brier": {
        "lower": 0.10435610524444322,
        "mean": 0.18157774777991847,
        "upper": 0.27215476367176394
      },
      "ece": {
        "lower": 0.25025989982136987,
        "mean": 0.32179588766291284,
        "upper": 0.40529298306779654
      },
      "f1": {
        "lower": 0.0716931216931217,
        "mean": 0.159162603076984,
        "upper": 0.2857142857142857
      },
      "mcc": {
        "lower": 0.15811388300841897,
        "mean": 0.24139509466079037,
        "upper": 0.35076609414277143
      }
    },
    "bootstrap_protein_group": {
      "auprc": {
        "lower": 0.09090909090909091,
        "mean": 0.3127921286280182,
        "upper": 0.5
      },
      "auroc": {
        "lower": 0.7586206896551724,
        "mean": 0.9078787467212438,
        "upper": 0.9846153846153847
      },
      "brier": {
        "lower": 0.10368125478785205,
        "mean": 0.18861426627855993,
        "upper": 0.2764091676964532
      },
      "ece": {
        "lower": 0.2478892443730757,
        "mean": 0.3296735288862324,
        "upper": 0.4103571057722581
      },
      "f1": {
        "lower": 0.07215608465608465,
        "mean": 0.15828975596028205,
        "upper": 0.2727272727272727
      },
      "mcc": {
        "lower": 0.15475361377431834,
        "mean": 0.2371874834710012,
        "upper": 0.3447612940949714
      }
    },
    "brier": 0.18781517799599087,
    "ece": 0.32662737628026883,
    "f1": 0.11764705882352941,
    "macro_family_group_auprc": 0.5,
    "macro_family_group_auroc": 0.9333333333333333,
    "macro_family_group_brier": 0.1569967422077789,
    "macro_family_group_ece": 0.30442616157233715,
    "macro_family_group_f1": 0.2857142857142857,
    "macro_family_group_mcc": 0.3333333333333333,
    "macro_protein_group_auprc": 0.5,
    "macro_protein_group_auroc": 0.9090909090909091,
    "macro_protein_group_brier": 0.1993760188355211,
    "macro_protein_group_ece": 0.3565263388057549,
    "macro_protein_group_f1": 0.2857142857142857,
    "macro_protein_group_mcc": 0.30151134457776363,
    "mcc": 0.2072890493972125,
    "n_samples": 49
  },
  "interface_proximal": {
    "auprc": 0.6343754998569252,
    "auroc": 0.6413801052231926,
    "bootstrap_family_group": {
      "auprc": {
        "lower": 0.4996397460973845,
        "mean": 0.6281520465744479,
        "upper": 0.7228854482337294
      },
      "auroc": {
        "lower": 0.5796696399050905,
        "mean": 0.6361765949778767,
        "upper": 0.6873810892778199
      },
      "brier": {
        "lower": 0.24036069309146074,
        "mean": 0.26634928964719584,
        "upper": 0.2948211566717078
      },
      "ece": {
        "lower": 0.1501611921510643,
        "mean": 0.1888509672414367,
        "upper": 0.23592959600596167
      },
      "f1": {
        "lower": 0.4466698111251633,
        "mean": 0.5339959320993689,
        "upper": 0.6051908201120846
      },
      "mcc": {
        "lower": 0.14861654133595945,
        "mean": 0.22287454333729143,
        "upper": 0.30404235958176923
      }
    },
    "bootstrap_protein_group": {
      "auprc": {
        "lower": 0.514042356819769,
        "mean": 0.6324688855888753,
        "upper": 0.7154785468792582
      },
      "auroc": {
        "lower": 0.5681322842575063,
        "mean": 0.6377873507261013,
        "upper": 0.6871361168784694
      },
      "brier": {
        "lower": 0.23892572267226966,
        "mean": 0.26679328320734713,
        "upper": 0.29938517821124233
      },
      "ece": {
        "lower": 0.1473895892040602,
        "mean": 0.18866799008392157,
        "upper": 0.24118214878728295
      },
      "f1": {
        "lower": 0.4415084915084915,
        "mean": 0.5345772466392652,
        "upper": 0.5985460924375995
      },
      "mcc": {
        "lower": 0.14461561685594357,
        "mean": 0.22318190011896147,
        "upper": 0.29667534609489843
      }
    },
    "brier": 0.2661040799309981,
    "ece": 0.1806807402666513,
    "f1": 0.5377358490566038,
    "macro_family_group_auprc": 0.5501533898360902,
    "macro_family_group_auroc": 0.5354212959580035,
    "macro_family_group_brier": 0.28504037287958617,
    "macro_family_group_ece": 0.30862665594456123,
    "macro_family_group_f1": 0.37251040379159533,
    "macro_family_group_mcc": 0.09200487916461125,
    "macro_protein_group_auprc": 0.590262186482538,
    "macro_protein_group_auroc": 0.5364669228710592,
    "macro_protein_group_brier": 0.31523442954961073,
    "macro_protein_group_ece": 0.3495947805957595,
    "macro_protein_group_f1": 0.3629985312206546,
    "macro_protein_group_mcc": 0.08826785608517354,
    "mcc": 0.22632465638982852,
    "n_samples": 770
  },
  "regression_interface_distal": {
    "mae": 0.8243521433703753,
    "n_samples": 49,
    "pearson": 0.22268122035532079,
    "rmse": 1.1788150025564805,
    "spearman": 0.12128461277908179
  },
  "regression_interface_proximal": {
    "mae": 1.186177416707014,
    "n_samples": 770,
    "pearson": 0.4283420813482598,
    "rmse": 1.6890447137530633,
    "spearman": 0.35052996455084384
  }
}
