{
  "mae": 1.0402094938437287,
  "pearson": 0.4359946272152041,
  "rmse": 1.5975067929668603,
  "spearman": 0.5200013240190411
}
