{
  "classification": {
    "auprc": 0.6344150564277393,
    "auroc": 0.7537346154432735,
    "bootstrap_family_group": {
      "auprc": {
        "lower": 0.5304855021758285,
        "mean": 0.633642494381158,
        "upper": 0.7277643176235438
      },
      "auroc": {
        "lower": 0.6780493020705212,
        "mean": 0.7464205272436815,
        "upper": 0.791280986288955
      },
      "brier": {
        "lower": 0.17836147305188926,
        "mean": 0.19973683866343347,
        "upper": 0.22689080531296163
      },
      "ece": {
        "lower": 0.039165987773663695,
        "mean": 0.08075520108515923,
        "upper": 0.1228395470054678
      },
      "f1": {
        "lower": 0.4469080360979802,
        "mean": 0.5773220442316956,
        "upper": 0.6863327099646735
      },
      "mcc": {
        "lower": 0.22451717601303506,
        "mean": 0.33845077919296973,
        "upper": 0.42291460759077737
      }
    },
    "bootstrap_protein_group": {
      "auprc": {
        "lower": 0.6344150564277393,
        "mean": 0.6344150564277395,
        "upper": 0.6344150564277393
      },
      "auroc": {
        "lower": 0.7537346154432735,
        "mean": 0.7537346154432735,
        "upper": 0.7537346154432735
      },
      "brier": {
        "lower": 0.19827573566397938,
        "mean": 0.19827573566397932,
        "upper": 0.19827573566397938
      },
      "ece": {
        "lower": 0.0725905410485066,
        "mean": 0.0725905410485066,
        "upper": 0.0725905410485066
      },
      "f1": {
        "lower": 0.5912596401028277,
        "mean": 0.5912596401028279,
        "upper": 0.5912596401028277
      },
      "mcc": {
        "lower": 0.3530144124624016,
        "mean": 0.35301441246240167,
        "upper": 0.3530144124624016
      }
    },
    "brier": 0.19827573566397938,
    "ece": 0.0725905410485066,
    "f1": 0.5912596401028277,
    "macro_family_group_auprc": 0.6484666860426239,
    "macro_family_group_auroc": 0.6858892789267591,
    "macro_family_group_brier": 0.21515703930533298,
    "macro_family_group_ece": 0.2415014169709859,
    "macro_family_group_f1": 0.380441256674412,
    "macro_family_group_mcc": 0.1836782330826233,
    "mcc": 0.3530144124624016,
    "n_samples": 1052
  },
  "classification_by_source": {
    "SKEMPI": {
      "auprc": 0.6344150564277393,
      "auroc": 0.7537346154432735,
      "bootstrap_family_group": {
        "auprc": {
          "lower": 0.5304855021758285,
          "mean": 0.633642494381158,
          "upper": 0.7277643176235438
        },
        "auroc": {
          "lower": 0.6780493020705212,
          "mean": 0.7464205272436815,
          "upper": 0.791280986288955
        },
        "brier": {
          "lower": 0.17836147305188926,
          "mean": 0.19973683866343347,
          "upper": 0.22689080531296163
        },
        "ece": {
          "lower": 0.039165987773663695,
          "mean": 0.08075520108515923,
          "upper": 0.1228395470054678
        },
        "f1": {
          "lower": 0.4469080360979802,
          "mean": 0.5773220442316956,
          "upper": 0.6863327099646735
        },
        "mcc": {
          "lower": 0.22451717601303506,
          "mean": 0.33845077919296973,
          "upper": 0.42291460759077737
        }
      },
      "bootstrap_protein_group": {
        "auprc": {
          "lower": 0.6344150564277393,
          "mean": 0.6344150564277395,
          "upper": 0.6344150564277393
        },
        "auroc": {
          "lower": 0.7537346154432735,
          "mean": 0.7537346154432735,
          "upper": 0.7537346154432735
        },
        "brier": {
          "lower": 0.19827573566397938,
          "mean": 0.19827573566397932,
          "upper": 0.19827573566397938
        },
        "ece": {
          "lower": 0.0725905410485066,
          "mean": 0.0725905410485066,
          "upper": 0.0725905410485066
        },
        "f1": {
          "lower": 0.5912596401028277,
          "mean": 0.5912596401028279,
          "upper": 0.5912596401028277
        },
        "mcc": {
          "lower": 0.3530144124624016,
          "mean": 0.35301441246240167,
          "upper": 0.3530144124624016
        }
      },
      "brier": 0.19827573566397938,
      "ece": 0.0725905410485066,
      "f1": 0.5912596401028277,
      "macro_family_group_auprc": 0.6484666860426239,
      "macro_family_group_auroc": 0.6858892789267591,
      "macro_family_group_brier": 0.21515703930533298,
      "macro_family_group_ece": 0.2415014169709859,
      "macro_family_group_f1": 0.380441256674412,
      "macro_family_group_mcc": 0.1836782330826233,
      "mcc": 0.3530144124624016,
      "n_samples": 1052
    }
  },
  "regression": {
    "mae": 0.9701630545938529,
    "n_samples": 1052,
    "pearson": 0.40833232694386296,
    "rmse": 1.4549466991427682,
    "spearman": 0.462192069375079
  },
  "regression_by_source": {
    "SKEMPI": {
      "mae": 0.9701630545938529,
      "n_samples": 1052,
      "pearson": 0.40833232694386296,
      "rmse": 1.4549466991427682,
      "spearman": 0.462192069375079
    }
  }
}
