{
  "classification": {
    "auprc": 0.61458656110671,
    "auroc": 0.6457308949981834,
    "bootstrap_family_group": {
      "auprc": {
        "lower": 0.4643365614343401,
        "mean": 0.6072571306765513,
        "upper": 0.7110289060051675
      },
      "auroc": {
        "lower": 0.5779785343235564,
        "mean": 0.6396662587659254,
        "upper": 0.6929725553276028
      },
      "brier": {
        "lower": 0.23579775694947272,
        "mean": 0.26180435499034554,
        "upper": 0.29147985460017695
      },
      "ece": {
        "lower": 0.146005959728426,
        "mean": 0.18570475648142204,
        "upper": 0.23420031349265352
      },
      "f1": {
        "lower": 0.42996496404204315,
        "mean": 0.5229358376389536,
        "upper": 0.5967533953508175
      },
      "mcc": {
        "lower": 0.1431878872304583,
        "mean": 0.21728889888786518,
        "upper": 0.29925848143457023
      }
    },
    "bootstrap_protein_group": {
      "auprc": {
        "lower": 0.4780120616664248,
        "mean": 0.6120235426431301,
        "upper": 0.7043172039418698
      },
      "auroc": {
        "lower": 0.5707614496434553,
        "mean": 0.6417870564006665,
        "upper": 0.6905521856802673
      },
      "brier": {
        "lower": 0.23363346949375338,
        "mean": 0.2621622892628696,
        "upper": 0.29495317968400275
      },
      "ece": {
        "lower": 0.14662122446918632,
        "mean": 0.1848807397990436,
        "upper": 0.23408397690237787
      },
      "f1": {
        "lower": 0.42777917525773196,
        "mean": 0.5236938323136271,
        "upper": 0.5884821671762002
      },
      "mcc": {
        "lower": 0.13327278410093282,
        "mean": 0.21873865285525856,
        "upper": 0.2925298640842873
      }
    },
    "brier": 0.2614201285331772,
    "ece": 0.1763629874667114,
    "f1": 0.5267993874425727,
    "macro_family_group_auprc": 0.5358573221490804,
    "macro_family_group_auroc": 0.5370299329328584,
    "macro_family_group_brier": 0.28437272751800163,
    "macro_family_group_ece": 0.30404727135787013,
    "macro_family_group_f1": 0.37069222197341356,
    "macro_family_group_mcc": 0.10395785393046386,
    "macro_protein_group_auprc": 0.5769045995227609,
    "macro_protein_group_auroc": 0.5374195687597314,
    "macro_protein_group_brier": 0.31462303384301044,
    "macro_protein_group_ece": 0.3466458962570322,
    "macro_protein_group_f1": 0.3602041481843361,
    "macro_protein_group_mcc": 0.09894681136328777,
    "mcc": 0.22124111022075044,
    "n_samples": 819
  },
  "classification_by_source": {
    "SKEMPI": {
      "auprc": 0.61458656110671,
      "auroc": 0.6457308949981834,
      "bootstrap_family_group": {
        "auprc": {
          "lower": 0.4643365614343401,
          "mean": 0.6072571306765513,
          "upper": 0.7110289060051675
        },
        "auroc": {
          "lower": 0.5779785343235564,
          "mean": 0.6396662587659254,
          "upper": 0.6929725553276028
        },
        "brier": {
          "lower": 0.23579775694947272,
          "mean": 0.26180435499034554,
          "upper": 0.29147985460017695
        },
        "ece": {
          "lower": 0.146005959728426,
          "mean": 0.18570475648142204,
          "upper": 0.23420031349265352
        },
        "f1": {
          "lower": 0.42996496404204315,
          "mean": 0.5229358376389536,
          "upper": 0.5967533953508175
        },
        "mcc": {
          "lower": 0.1431878872304583,
          "mean": 0.21728889888786518,
          "upper": 0.29925848143457023
        }
      },
      "bootstrap_protein_group": {
        "auprc": {
          "lower": 0.4780120616664248,
          "mean": 0.6120235426431301,
          "upper": 0.7043172039418698
        },
        "auroc": {
          "lower": 0.5707614496434553,
          "mean": 0.6417870564006665,
          "upper": 0.6905521856802673
        },
        "brier": {
          "lower": 0.23363346949375338,
          "mean": 0.2621622892628696,
          "upper": 0.29495317968400275
        },
        "ece": {
          "lower": 0.14662122446918632,
          "mean": 0.1848807397990436,
          "upper": 0.23408397690237787
        },
        "f1": {
          "lower": 0.42777917525773196,
          "mean": 0.5236938323136271,
          "upper": 0.5884821671762002
        },
        "mcc": {
          "lower": 0.13327278410093282,
          "mean": 0.21873865285525856,
          "upper": 0.2925298640842873
        }
      },
      "brier": 0.2614201285331772,
      "ece": 0.1763629874667114,
      "f1": 0.5267993874425727,
      "macro_family_group_auprc": 0.5358573221490804,
      "macro_family_group_auroc": 0.5370299329328584,
      "macro_family_group_brier": 0.28437272751800163,
      "macro_family_group_ece": 0.30404727135787013,
      "macro_family_group_f1": 0.37069222197341356,
      "macro_family_group_mcc": 0.10395785393046386,
      "macro_protein_group_auprc": 0.5769045995227609,
      "macro_protein_group_auroc": 0.5374195687597314,
      "macro_protein_group_brier": 0.31462303384301044,
      "macro_protein_group_ece": 0.3466458962570322,
      "macro_protein_group_f1": 0.3602041481843361,
      "macro_protein_group_mcc": 0.09894681136328777,
      "mcc": 0.22124111022075044,
      "n_samples": 819
    }
  },
  "regression": {
    "mae": 1.1645297507808905,
    "n_samples": 819,
    "pearson": 0.42171262094271345,
    "rmse": 1.6629269803933426,
    "spearman": 0.3358905949611054
  },
  "regression_by_source": {
    "SKEMPI": {
      "mae": 1.1645297507808905,
      "n_samples": 819,
      "pearson": 0.42171262094271345,
      "rmse": 1.6629269803933426,
      "spearman": 0.3358905949611054
    }
  }
}
