{
  "classification": {
    "auprc": 0.6814314407195655,
    "auroc": 0.7883145998871418,
    "bootstrap_family_group": {
      "auprc": {
        "lower": 0.6131268906080731,
        "mean": 0.6901556495209287,
        "upper": 0.8035117261239383
      },
      "auroc": {
        "lower": 0.7250235761874301,
        "mean": 0.7847424235842534,
        "upper": 0.833150025217629
      },
      "brier": {
        "lower": 0.16482845813801364,
        "mean": 0.1873219322139631,
        "upper": 0.21262801366704237
      },
      "ece": {
        "lower": 0.05113485369323781,
        "mean": 0.091467306611593,
        "upper": 0.1377028190146829
      },
      "f1": {
        "lower": 0.5746067822810492,
        "mean": 0.6406076590658469,
        "upper": 0.7086930442000887
      },
      "mcc": {
        "lower": 0.28051268349155956,
        "mean": 0.37670397547908624,
        "upper": 0.4631675093759613
      }
    },
    "bootstrap_protein_group": {
      "auprc": {
        "lower": 0.6169957032298575,
        "mean": 0.6880985032963521,
        "upper": 0.7729098131614727
      },
      "auroc": {
        "lower": 0.7331740354137667,
        "mean": 0.786904345950926,
        "upper": 0.8311775208526238
      },
      "brier": {
        "lower": 0.16656110543901068,
        "mean": 0.18664834238020722,
        "upper": 0.20953777649118194
      },
      "ece": {
        "lower": 0.04834328621727053,
        "mean": 0.08834895049409201,
        "upper": 0.13724006698464997
      },
      "f1": {
        "lower": 0.5713637346012534,
        "mean": 0.6387914605882753,
        "upper": 0.695908399802102
      },
      "mcc": {
        "lower": 0.3011082864128264,
        "mean": 0.3813095252025323,
        "upper": 0.450887739895938
      }
    },
    "brier": 0.18700079462293842,
    "ece": 0.07756694870447058,
    "f1": 0.6421404682274248,
    "macro_family_group_auprc": 0.6848302522296851,
    "macro_family_group_auroc": 0.7188336872515115,
    "macro_family_group_brier": 0.19980704270554225,
    "macro_family_group_ece": 0.275756486178243,
    "macro_family_group_f1": 0.5458756419223408,
    "macro_family_group_mcc": 0.2962045685133844,
    "macro_protein_group_auprc": 0.7108141911811832,
    "macro_protein_group_auroc": 0.7189416344936227,
    "macro_protein_group_brier": 0.1987974284862794,
    "macro_protein_group_ece": 0.2745043657202993,
    "macro_protein_group_f1": 0.5300549911216738,
    "macro_protein_group_mcc": 0.2775631470405413,
    "mcc": 0.38555296355328367,
    "n_samples": 1052
  },
  "classification_by_source": {
    "SKEMPI": {
      "auprc": 0.6814314407195655,
      "auroc": 0.7883145998871418,
      "bootstrap_family_group": {
        "auprc": {
          "lower": 0.6131268906080731,
          "mean": 0.6901556495209287,
          "upper": 0.8035117261239383
        },
        "auroc": {
          "lower": 0.7250235761874301,
          "mean": 0.7847424235842534,
          "upper": 0.833150025217629
        },
        "brier": {
          "lower": 0.16482845813801364,
          "mean": 0.1873219322139631,
          "upper": 0.21262801366704237
        },
        "ece": {
          "lower": 0.05113485369323781,
          "mean": 0.091467306611593,
          "upper": 0.1377028190146829
        },
        "f1": {
          "lower": 0.5746067822810492,
          "mean": 0.6406076590658469,
          "upper": 0.7086930442000887
        },
        "mcc": {
          "lower": 0.28051268349155956,
          "mean": 0.37670397547908624,
          "upper": 0.4631675093759613
        }
      },
      "bootstrap_protein_group": {
        "auprc": {
          "lower": 0.6169957032298575,
          "mean": 0.6880985032963521,
          "upper": 0.7729098131614727
        },
        "auroc": {
          "lower": 0.7331740354137667,
          "mean": 0.786904345950926,
          "upper": 0.8311775208526238
        },
        "brier": {
          "lower": 0.16656110543901068,
          "mean": 0.18664834238020722,
          "upper": 0.20953777649118194
        },
        "ece": {
          "lower": 0.04834328621727053,
          "mean": 0.08834895049409201,
          "upper": 0.13724006698464997
        },
        "f1": {
          "lower": 0.5713637346012534,
          "mean": 0.6387914605882753,
          "upper": 0.695908399802102
        },
        "mcc": {
          "lower": 0.3011082864128264,
          "mean": 0.3813095252025323,
          "upper": 0.450887739895938
        }
      },
      "brier": 0.18700079462293842,
      "ece": 0.07756694870447058,
      "f1": 0.6421404682274248,
      "macro_family_group_auprc": 0.6848302522296851,
      "macro_family_group_auroc": 0.7188336872515115,
      "macro_family_group_brier": 0.19980704270554225,
      "macro_family_group_ece": 0.275756486178243,
      "macro_family_group_f1": 0.5458756419223408,
      "macro_family_group_mcc": 0.2962045685133844,
      "macro_protein_group_auprc": 0.7108141911811832,
      "macro_protein_group_auroc": 0.7189416344936227,
      "macro_protein_group_brier": 0.1987974284862794,
      "macro_protein_group_ece": 0.2745043657202993,
      "macro_protein_group_f1": 0.5300549911216738,
      "macro_protein_group_mcc": 0.2775631470405413,
      "mcc": 0.38555296355328367,
      "n_samples": 1052
    }
  }
}
