{
  "mae": 0.9701630545938529,
  "pearson": 0.40833232694386296,
  "rmse": 1.4549466991427682,
  "spearman": 0.462192069375079
}
