{
  "interface_distal": {
    "auprc": 0.18333333333333335,
    "auroc": 0.9135802469135802,
    "bootstrap_family_group": {
      "auprc": {
        "lower": 0.17142857142857143,
        "mean": 0.19051037209513277,
        "upper": 0.2085340775558167
      },
      "auroc": {
        "lower": 0.8571428571428571,
        "mean": 0.9001177505875356,
        "upper": 0.940659090909091
      },
      "brier": {
        "lower": 0.021736807083869186,
        "mean": 0.03203535177005019,
        "upper": 0.044083658806314034
      },
      "ece": {
        "lower": 0.06557477622499892,
        "mean": 0.07059666117673295,
        "upper": 0.07865471267682471
      },
      "f1": {
        "lower": 0.0,
        "mean": 0.0,
        "upper": 0.0
      },
      "mcc": {
        "lower": 0.0,
        "mean": 0.0,
        "upper": 0.0
      }
    },
    "bootstrap_protein_group": {
      "auprc": {
        "lower": 0.18333333333333335,
        "mean": 0.1833333333333334,
        "upper": 0.18333333333333335
      },
      "auroc": {
        "lower": 0.9135802469135802,
        "mean": 0.9135802469135805,
        "upper": 0.9135802469135802
      },
      "brier": {
        "lower": 0.02740629562063241,
        "mean": 0.02740629562063241,
        "upper": 0.02740629562063241
      },
      "ece": {
        "lower": 0.06878786197448347,
        "mean": 0.06878786197448347,
        "upper": 0.06878786197448347
      },
      "f1": {
        "lower": 0.0,
        "mean": 0.0,
        "upper": 0.0
      },
      "mcc": {
        "lower": 0.0,
        "mean": 0.0,
        "upper": 0.0
      }
    },
    "brier": 0.02740629562063241,
    "ece": 0.06878786197448347,
    "f1": 0.0,
    "macro_family_group_auprc": 0.2111111111111111,
    "macro_family_group_auroc": 0.8552631578947368,
    "macro_family_group_brier": 0.04899911895637392,
    "macro_family_group_ece": 0.08472913913428783,
    "macro_family_group_f1": 0.0,
    "macro_family_group_mcc": 0.0,
    "mcc": 0.0,
    "n_samples": 83
  },
  "interface_proximal": {
    "auprc": 0.6355689507614268,
    "auroc": 0.7223100849908,
    "bootstrap_family_group": {
      "auprc": {
        "lower": 0.5338300599755251,
        "mean": 0.6348037423823454,
        "upper": 0.7277643176235439
      },
      "auroc": {
        "lower": 0.6549459328071854,
        "mean": 0.7163474388309291,
        "upper": 0.7619728255535946
      },
      "brier": {
        "lower": 0.1975425538168056,
        "mean": 0.2137506879606866,
        "upper": 0.23403164831215784
      },
      "ece": {
        "lower": 0.03965646679840782,
        "mean": 0.08445695754367111,
        "upper": 0.13337186821215724
      },
      "f1": {
        "lower": 0.4481517319889413,
        "mean": 0.5787117003560086,
        "upper": 0.6863623901273626
      },
      "mcc": {
        "lower": 0.19905156106377853,
        "mean": 0.3104271313007872,
        "upper": 0.3932868626211484
      }
    },
    "bootstrap_protein_group": {
      "auprc": {
        "lower": 0.6355689507614268,
        "mean": 0.6355689507614269,
        "upper": 0.6355689507614268
      },
      "auroc": {
        "lower": 0.7223100849908,
        "mean": 0.7223100849908001,
        "upper": 0.7223100849908
      },
      "brier": {
        "lower": 0.212911611333327,
        "mean": 0.212911611333327,
        "upper": 0.212911611333327
      },
      "ece": {
        "lower": 0.07578734832097869,
        "mean": 0.07578734832097868,
        "upper": 0.07578734832097869
      },
      "f1": {
        "lower": 0.5927835051546392,
        "mean": 0.592783505154639,
        "upper": 0.5927835051546392
      },
      "mcc": {
        "lower": 0.3223705714302463,
        "mean": 0.3223705714302464,
        "upper": 0.3223705714302463
      }
    },
    "brier": 0.212911611333327,
    "ece": 0.07578734832097869,
    "f1": 0.5927835051546392,
    "macro_family_group_auprc": 0.6487207785226261,
    "macro_family_group_auroc": 0.6654176281459249,
    "macro_family_group_brier": 0.22474223195384369,
    "macro_family_group_ece": 0.25323582146401147,
    "macro_family_group_f1": 0.38074188197503733,
    "macro_family_group_mcc": 0.16977692113018905,
    "mcc": 0.3223705714302463,
    "n_samples": 969
  },
  "regression_interface_distal": {
    "mae": 0.17986879747989307,
    "n_samples": 83,
    "pearson": 0.2510958986054183,
    "rmse": 0.2621442284231462,
    "spearman": 0.22795665136628238
  },
  "regression_interface_proximal": {
    "mae": 1.0378559579379796,
    "n_samples": 969,
    "pearson": 0.38267803395313815,
    "rmse": 1.514035949387084,
    "spearman": 0.42961101436003224
  }
}
